,apparentTemperature,precipIntensity,summary,time
0,62.13,0.0,Clear,2018-10-01 00:00:00
1,62.0,0.0,Clear,2018-10-01 01:00:00
2,60.78,0.0,Clear,2018-10-01 02:00:00
3,61.13,0.0,Clear,2018-10-01 03:00:00
4,60.73,0.0,Clear,2018-10-01 04:00:00
5,60.78,0.0,Partly Cloudy,2018-10-01 05:00:00
6,61.82,0.0,Overcast,2018-10-01 06:00:00
7,62.05,0.0,Overcast,2018-10-01 07:00:00
8,63.44,0.0,Overcast,2018-10-01 08:00:00
9,65.29,0.0,Overcast,2018-10-01 09:00:00
10,67.59,0.0,Overcast,2018-10-01 10:00:00
11,71.31,0.0,Overcast,2018-10-01 11:00:00
12,73.24,0.0,Mostly Cloudy,2018-10-01 12:00:00
13,74.1,0.0,Mostly Cloudy,2018-10-01 13:00:00
14,74.7,0.0,Overcast,2018-10-01 14:00:00
15,75.24,0.0,Overcast,2018-10-01 15:00:00
16,76.28,0.0,Mostly Cloudy,2018-10-01 16:00:00
17,76.12,0.0,Mostly Cloudy,2018-10-01 17:00:00
18,74.77,0.0,Partly Cloudy,2018-10-01 18:00:00
19,72.17,0.0,Partly Cloudy,2018-10-01 19:00:00
20,71.16,0.0,Partly Cloudy,2018-10-01 20:00:00
21,70.99,0.0,Mostly Cloudy,2018-10-01 21:00:00
22,70.19,0.0,Mostly Cloudy,2018-10-01 22:00:00
23,69.36,0.0,Mostly Cloudy,2018-10-01 23:00:00
24,68.54,0.0,Mostly Cloudy,2018-10-02 00:00:00
25,67.89,0.0,Mostly Cloudy,2018-10-02 01:00:00
26,67.27,0.0,Mostly Cloudy,2018-10-02 02:00:00
27,66.86,0.0,Mostly Cloudy,2018-10-02 03:00:00
28,66.7,0.0,Mostly Cloudy,2018-10-02 04:00:00
29,66.26,0.0,Mostly Cloudy,2018-10-02 05:00:00
30,66.3,0.0,Mostly Cloudy,2018-10-02 06:00:00
31,66.13,0.0,Mostly Cloudy,2018-10-02 07:00:00
32,67.14,0.0,Mostly Cloudy,2018-10-02 08:00:00
33,69.62,0.0,Mostly Cloudy,2018-10-02 09:00:00
34,71.9,0.0,Mostly Cloudy,2018-10-02 10:00:00
35,74.79,0.0,Partly Cloudy,2018-10-02 11:00:00
36,76.51,0.0,Mostly Cloudy,2018-10-02 12:00:00
37,76.66,0.0,Mostly Cloudy,2018-10-02 13:00:00
38,77.27,0.0,Mostly Cloudy,2018-10-02 14:00:00
39,78.06,0.0,Mostly Cloudy,2018-10-02 15:00:00
40,78.07,0.0,Overcast,2018-10-02 16:00:00
41,77.62,,Clear,2018-10-02 17:00:00
42,76.97,0.0,Mostly Cloudy,2018-10-02 18:00:00
43,75.26,0.0,Mostly Cloudy,2018-10-02 19:00:00
44,74.34,0.0,Mostly Cloudy,2018-10-02 20:00:00
45,73.6,0.0028,Mostly Cloudy,2018-10-02 21:00:00
46,72.83,0.1175,Rain,2018-10-02 22:00:00
47,67.11,0.3097,Heavy Rain,2018-10-02 23:00:00
48,65.96,0.1185,Rain,2018-10-03 00:00:00
49,65.67,0.0462,Light Rain,2018-10-03 01:00:00
50,65.27,0.0,Mostly Cloudy,2018-10-03 02:00:00
51,65.27,0.0,Mostly Cloudy,2018-10-03 03:00:00
52,64.73,0.0,Mostly Cloudy,2018-10-03 04:00:00
53,64.28,0.0,Partly Cloudy,2018-10-03 05:00:00
54,63.98,0.0,Partly Cloudy,2018-10-03 06:00:00
55,64.12,0.0,Partly Cloudy,2018-10-03 07:00:00
56,64.97,0.0,Clear,2018-10-03 08:00:00
57,67.91,0.0,Clear,2018-10-03 09:00:00
58,70.69,0.0,Clear,2018-10-03 10:00:00
59,71.29,0.0,Partly Cloudy,2018-10-03 11:00:00
60,72.45,0.0,Partly Cloudy,2018-10-03 12:00:00
61,73.21,0.0,Partly Cloudy,2018-10-03 13:00:00
62,73.58,0.0,Partly Cloudy,2018-10-03 14:00:00
63,74.09,0.0,Partly Cloudy,2018-10-03 15:00:00
64,74.19,0.0,Partly Cloudy,2018-10-03 16:00:00
65,72.87,0.0,Mostly Cloudy,2018-10-03 17:00:00
66,71.52,0.0,Mostly Cloudy,2018-10-03 18:00:00
67,69.06,0.0,Partly Cloudy,2018-10-03 19:00:00
68,66.77,0.0,Clear,2018-10-03 20:00:00
69,65.1,0.0,Clear,2018-10-03 21:00:00
70,63.79,0.0,Clear,2018-10-03 22:00:00
71,62.99,0.0,Clear,2018-10-03 23:00:00
72,61.64,0.0,Clear,2018-10-04 00:00:00
73,60.84,0.0,Clear,2018-10-04 01:00:00
74,59.8,0.0,Clear,2018-10-04 02:00:00
75,59.78,0.0,Clear,2018-10-04 03:00:00
76,59.24,0.0,Clear,2018-10-04 04:00:00
77,58.74,0.0,Clear,2018-10-04 05:00:00
78,58.76,0.0,Clear,2018-10-04 06:00:00
79,59.07,0.0,Partly Cloudy,2018-10-04 07:00:00
80,60.8,0.0,Partly Cloudy,2018-10-04 08:00:00
81,64.08,0.0,Mostly Cloudy,2018-10-04 09:00:00
82,67.12,0.0,Mostly Cloudy,2018-10-04 10:00:00
83,69.87,0.0,Mostly Cloudy,2018-10-04 11:00:00
84,73.55,0.0,Partly Cloudy,2018-10-04 12:00:00
85,73.79,0.0,Partly Cloudy,2018-10-04 13:00:00
86,74.67,0.0,Partly Cloudy,2018-10-04 14:00:00
87,75.88,0.0,Partly Cloudy,2018-10-04 15:00:00
88,75.59,0.0,Partly Cloudy,2018-10-04 16:00:00
89,74.94,0.0019,Mostly Cloudy,2018-10-04 17:00:00
90,73.75,0.0218,Light Rain,2018-10-04 18:00:00
91,72.69,0.0003,Mostly Cloudy,2018-10-04 19:00:00
92,72.94,0.0,Overcast,2018-10-04 20:00:00
93,73.49,0.0,Overcast,2018-10-04 21:00:00
94,73.9,0.0,Overcast,2018-10-04 22:00:00
95,73.53,0.0,Mostly Cloudy,2018-10-04 23:00:00
96,72.78,0.0,Mostly Cloudy,2018-10-05 00:00:00
97,71.02,0.0,Partly Cloudy,2018-10-05 01:00:00
98,68.48,0.0,Mostly Cloudy,2018-10-05 02:00:00
99,66.56,0.0,Mostly Cloudy,2018-10-05 03:00:00
100,64.09,0.0,Partly Cloudy,2018-10-05 04:00:00
101,62.2,0.0,Clear,2018-10-05 05:00:00
102,61.01,0.0,Clear,2018-10-05 06:00:00
103,60.07,0.0,Clear,2018-10-05 07:00:00
104,60.61,0.0,Clear,2018-10-05 08:00:00
105,61.84,0.0,Partly Cloudy,2018-10-05 09:00:00
106,62.94,0.0,Partly Cloudy,2018-10-05 10:00:00
107,63.63,0.0,Mostly Cloudy,2018-10-05 11:00:00
108,65.38,0.0,Mostly Cloudy,2018-10-05 12:00:00
109,66.52,0.0,Mostly Cloudy,2018-10-05 13:00:00
110,67.79,0.0,Mostly Cloudy,2018-10-05 14:00:00
111,68.58,0.0,Overcast,2018-10-05 15:00:00
112,68.96,0.0,Overcast,2018-10-05 16:00:00
113,68.24,0.0,Mostly Cloudy,2018-10-05 17:00:00
114,66.12,0.0,Mostly Cloudy,2018-10-05 18:00:00
115,64.82,0.0,Partly Cloudy,2018-10-05 19:00:00
116,63.68,0.0,Mostly Cloudy,2018-10-05 20:00:00
117,63.37,0.0,Mostly Cloudy,2018-10-05 21:00:00
118,63.1,0.0,Mostly Cloudy,2018-10-05 22:00:00
119,63.19,0.0,Mostly Cloudy,2018-10-05 23:00:00
120,63.19,0.0,Overcast,2018-10-06 00:00:00
121,63.31,0.0,Overcast,2018-10-06 01:00:00
122,63.24,0.0,Overcast,2018-10-06 02:00:00
123,63.55,0.0,Overcast,2018-10-06 03:00:00
124,63.5,0.0,Overcast,2018-10-06 04:00:00
125,63.46,0.0,Overcast,2018-10-06 05:00:00
126,63.6,0.0,Overcast,2018-10-06 06:00:00
127,63.75,0.0,Overcast,2018-10-06 07:00:00
128,64.09,0.0,Overcast,2018-10-06 08:00:00
129,64.27,0.0,Overcast,2018-10-06 09:00:00
130,64.3,0.0,Overcast,2018-10-06 10:00:00
131,64.12,0.0005,Overcast,2018-10-06 11:00:00
132,65.24,0.0,Overcast,2018-10-06 12:00:00
133,65.93,0.0003,Overcast,2018-10-06 13:00:00
134,65.9,0.0,Overcast,2018-10-06 14:00:00
135,66.02,0.0,Overcast,2018-10-06 15:00:00
136,66.23,0.0,Overcast,2018-10-06 16:00:00
137,66.23,0.0,Overcast,2018-10-06 17:00:00
138,66.4,0.0009,Overcast,2018-10-06 18:00:00
139,66.59,0.0011,Overcast,2018-10-06 19:00:00
140,66.75,0.001,Overcast,2018-10-06 20:00:00
141,67.08,0.0013,Overcast,2018-10-06 21:00:00
142,67.57,0.0,Overcast,2018-10-06 22:00:00
143,67.69,0.0006,Overcast,2018-10-06 23:00:00
144,67.68,0.0,Overcast,2018-10-07 00:00:00
145,68.14,0.0006,Overcast,2018-10-07 01:00:00
146,68.34,0.0,Overcast,2018-10-07 02:00:00
147,68.53,0.0,Overcast,2018-10-07 03:00:00
148,69.16,0.0,Overcast,2018-10-07 04:00:00
149,69.45,0.0,Overcast,2018-10-07 05:00:00
150,69.89,0.0,Overcast,2018-10-07 06:00:00
151,70.27,0.0,Overcast,2018-10-07 07:00:00
152,70.64,0.0,Overcast,2018-10-07 08:00:00
153,71.13,0.0,Overcast,2018-10-07 09:00:00
154,72.44,0.0,Overcast,2018-10-07 10:00:00
155,73.32,0.0,Overcast,2018-10-07 11:00:00
156,75.01,0.0,Overcast,2018-10-07 12:00:00
157,76.76,0.0,Overcast,2018-10-07 13:00:00
158,78.47,0.0,Mostly Cloudy,2018-10-07 14:00:00
159,79.93,0.0,Mostly Cloudy,2018-10-07 15:00:00
160,82.02,0.0,Mostly Cloudy,2018-10-07 16:00:00
161,79.84,0.0,Mostly Cloudy,2018-10-07 17:00:00
162,78.19,0.0,Mostly Cloudy,2018-10-07 18:00:00
163,76.13,0.0,Partly Cloudy,2018-10-07 19:00:00
164,74.7,0.0,Clear,2018-10-07 20:00:00
165,74.06,0.0,Clear,2018-10-07 21:00:00
166,73.34,0.0,Clear,2018-10-07 22:00:00
167,73.03,0.0,Clear,2018-10-07 23:00:00
168,72.54,0.0,Partly Cloudy,2018-10-08 00:00:00
169,71.45,0.0,Mostly Cloudy,2018-10-08 01:00:00
170,70.81,0.0,Mostly Cloudy,2018-10-08 02:00:00
171,70.58,0.0,Overcast,2018-10-08 03:00:00
172,69.83,0.0,Overcast,2018-10-08 04:00:00
173,68.47,0.0,Overcast,2018-10-08 05:00:00
174,67.95,0.0,Overcast,2018-10-08 06:00:00
175,66.99,,Clear,2018-10-08 07:00:00
176,66.55,0.0,Overcast,2018-10-08 08:00:00
177,66.13,0.0,Overcast,2018-10-08 09:00:00
178,65.79,0.0006,Overcast,2018-10-08 10:00:00
179,65.67,0.0008,Overcast,2018-10-08 11:00:00
180,65.95,0.0,Overcast,2018-10-08 12:00:00
181,65.94,0.0,Overcast,2018-10-08 13:00:00
182,65.67,0.0,Overcast,2018-10-08 14:00:00
183,65.76,0.0,Overcast,2018-10-08 15:00:00
184,65.57,0.0,Overcast,2018-10-08 16:00:00
185,65.35,0.0,Overcast,2018-10-08 17:00:00
186,65.09,0.0009,Overcast,2018-10-08 18:00:00
187,64.73,0.0009,Overcast,2018-10-08 19:00:00
188,64.99,0.0014,Overcast,2018-10-08 20:00:00
189,65.2,0.0,Overcast,2018-10-08 21:00:00
190,65.38,0.0,Overcast,2018-10-08 22:00:00
191,65.78,0.0,Overcast,2018-10-08 23:00:00
192,66.43,,Clear,2018-10-09 00:00:00
193,67.02,0.0,Overcast,2018-10-09 01:00:00
194,67.71,0.0028,Overcast,2018-10-09 02:00:00
195,67.99,0.003,Overcast,2018-10-09 03:00:00
196,67.28,0.0008,Overcast,2018-10-09 04:00:00
197,67.43,0.0,Overcast,2018-10-09 05:00:00
198,67.42,,Overcast,2018-10-09 06:00:00
199,67.96,0.0,Overcast,2018-10-09 07:00:00
200,68.83,0.0,Overcast,2018-10-09 08:00:00
201,69.95,0.0,Overcast,2018-10-09 09:00:00
202,71.24,0.0,Overcast,2018-10-09 10:00:00
203,72.34,0.0,Overcast,2018-10-09 11:00:00
204,74.11,0.0,Overcast,2018-10-09 12:00:00
205,75.14,0.0,Overcast,2018-10-09 13:00:00
206,76.17,0.0,Overcast,2018-10-09 14:00:00
207,76.84,0.0,Overcast,2018-10-09 15:00:00
208,77.38,0.0,Overcast,2018-10-09 16:00:00
209,76.45,0.0,Mostly Cloudy,2018-10-09 17:00:00
210,74.47,0.0,Partly Cloudy,2018-10-09 18:00:00
211,73.12,0.0,Partly Cloudy,2018-10-09 19:00:00
212,72.46,0.0,Partly Cloudy,2018-10-09 20:00:00
213,72.43,0.0,Mostly Cloudy,2018-10-09 21:00:00
214,71.78,0.0,Mostly Cloudy,2018-10-09 22:00:00
215,71.77,0.0,Mostly Cloudy,2018-10-09 23:00:00
216,71.86,0.0,Mostly Cloudy,2018-10-10 00:00:00
217,71.5,0.0,Mostly Cloudy,2018-10-10 01:00:00
218,71.0,0.0,Mostly Cloudy,2018-10-10 02:00:00
219,70.91,0.0,Mostly Cloudy,2018-10-10 03:00:00
220,70.4,0.0,Mostly Cloudy,2018-10-10 04:00:00
221,70.37,0.0,Clear,2018-10-10 05:00:00
222,70.25,0.0,Mostly Cloudy,2018-10-10 06:00:00
223,70.15,0.0,Clear,2018-10-10 07:00:00
224,70.64,0.0,Mostly Cloudy,2018-10-10 08:00:00
225,71.95,0.0,Overcast,2018-10-10 09:00:00
226,73.17,0.0,Mostly Cloudy,2018-10-10 10:00:00
227,74.15,,Clear,2018-10-10 11:00:00
228,76.0,,Clear,2018-10-10 12:00:00
229,78.25,0.0,Mostly Cloudy,2018-10-10 13:00:00
230,81.64,0.0,Mostly Cloudy,2018-10-10 14:00:00
231,82.87,0.0,Mostly Cloudy,2018-10-10 15:00:00
232,79.22,0.0,Mostly Cloudy,2018-10-10 16:00:00
233,79.49,0.0,Mostly Cloudy,2018-10-10 17:00:00
234,76.5,0.0,Partly Cloudy,2018-10-10 18:00:00
235,75.13,0.0,Partly Cloudy,2018-10-10 19:00:00
236,74.28,0.0,Mostly Cloudy,2018-10-10 20:00:00
237,74.02,0.0,Mostly Cloudy,2018-10-10 21:00:00
238,74.01,0.0,Partly Cloudy,2018-10-10 22:00:00
239,73.26,0.0,Partly Cloudy,2018-10-10 23:00:00
240,73.33,,Clear,2018-10-11 00:00:00
241,73.41,0.0,Mostly Cloudy,2018-10-11 01:00:00
242,73.2,0.0,Mostly Cloudy,2018-10-11 02:00:00
243,72.92,0.0,Mostly Cloudy,2018-10-11 03:00:00
244,73.11,0.0,Mostly Cloudy,2018-10-11 04:00:00
245,73.34,0.0,Overcast,2018-10-11 05:00:00
246,73.52,0.0,Overcast,2018-10-11 06:00:00
247,73.37,0.0,Overcast,2018-10-11 07:00:00
248,73.97,0.0,Overcast,2018-10-11 08:00:00
249,74.69,0.0,Overcast,2018-10-11 09:00:00
250,76.15,0.0,Overcast,2018-10-11 10:00:00
251,75.82,0.0,Overcast,2018-10-11 11:00:00
252,72.9,0.0884,Rain,2018-10-11 12:00:00
253,74.14,,Clear,2018-10-11 13:00:00
254,76.5,0.0069,Humid and Overcast,2018-10-11 14:00:00
255,77.66,0.0282,Light Rain,2018-10-11 15:00:00
256,74.84,0.0687,Rain,2018-10-11 16:00:00
257,73.02,0.0814,Rain,2018-10-11 17:00:00
258,72.11,,Clear,2018-10-11 18:00:00
259,71.9,0.0733,Rain,2018-10-11 19:00:00
260,71.25,0.0279,Light Rain,2018-10-11 20:00:00
261,71.19,0.018000000000000002,Light Rain,2018-10-11 21:00:00
262,71.13,0.0019,Overcast,2018-10-11 22:00:00
263,71.06,0.0003,Mostly Cloudy,2018-10-11 23:00:00
264,70.83,0.0037,Overcast,2018-10-12 00:00:00
265,69.15,0.0087,Overcast,2018-10-12 01:00:00
266,67.51,0.0097,Overcast,2018-10-12 02:00:00
267,65.77,0.0155,Overcast,2018-10-12 03:00:00
268,64.44,,Clear,2018-10-12 04:00:00
269,61.96,0.0602,Rain,2018-10-12 05:00:00
270,61.17,0.0144,Mostly Cloudy,2018-10-12 06:00:00
271,60.16,0.0,Mostly Cloudy,2018-10-12 07:00:00
272,58.93,0.0,Mostly Cloudy,2018-10-12 08:00:00
273,58.79,0.0,Mostly Cloudy,2018-10-12 09:00:00
274,58.63,0.0,Partly Cloudy,2018-10-12 10:00:00
275,59.53,0.0,Partly Cloudy,2018-10-12 11:00:00
276,59.58,0.0,Partly Cloudy,2018-10-12 12:00:00
277,60.36,,Clear,2018-10-12 13:00:00
278,60.13,0.0,Clear,2018-10-12 14:00:00
279,61.08,0.0,Clear,2018-10-12 15:00:00
280,60.92,0.0,Clear,2018-10-12 16:00:00
281,59.58,0.0,Clear,2018-10-12 17:00:00
282,57.36,0.0,Clear,2018-10-12 18:00:00
283,55.53,0.0,Clear,2018-10-12 19:00:00
284,53.84,0.0,Clear,2018-10-12 20:00:00
285,52.08,0.0,Clear,2018-10-12 21:00:00
286,51.73,0.0,Clear,2018-10-12 22:00:00
287,51.44,0.0,Clear,2018-10-12 23:00:00
288,50.64,0.0,Clear,2018-10-13 00:00:00
289,50.87,0.0,Clear,2018-10-13 01:00:00
290,50.5,0.0,Clear,2018-10-13 02:00:00
291,50.33,0.0,Clear,2018-10-13 03:00:00
292,50.3,0.0,Mostly Cloudy,2018-10-13 04:00:00
293,50.66,0.0,Mostly Cloudy,2018-10-13 05:00:00
294,50.98,0.0,Overcast,2018-10-13 06:00:00
295,48.15,0.0062,Overcast,2018-10-13 07:00:00
296,46.13,0.0307,Light Rain,2018-10-13 08:00:00
297,45.24,0.0251,Light Rain,2018-10-13 09:00:00
298,45.46,0.0126,Light Rain,2018-10-13 10:00:00
299,46.69,0.0061,Overcast,2018-10-13 11:00:00
300,50.33,0.0,Mostly Cloudy,2018-10-13 12:00:00
301,52.26,0.0,Overcast,2018-10-13 13:00:00
302,54.26,0.0,Overcast,2018-10-13 14:00:00
303,55.24,0.0,Mostly Cloudy,2018-10-13 15:00:00
304,55.68,0.0,Mostly Cloudy,2018-10-13 16:00:00
305,55.94,0.0,Mostly Cloudy,2018-10-13 17:00:00
306,54.79,0.0,Partly Cloudy,2018-10-13 18:00:00
307,53.03,0.0,Clear,2018-10-13 19:00:00
308,51.49,0.0,Clear,2018-10-13 20:00:00
309,49.24,0.0,Clear,2018-10-13 21:00:00
310,47.89,0.0,Clear,2018-10-13 22:00:00
311,48.29,0.0,Clear,2018-10-13 23:00:00
312,47.24,0.0,Clear,2018-10-14 00:00:00
313,46.32,0.0,Clear,2018-10-14 01:00:00
314,45.59,0.0,Clear,2018-10-14 02:00:00
315,45.73,0.0,Clear,2018-10-14 03:00:00
316,43.22,0.0,Clear,2018-10-14 04:00:00
317,44.62,0.0,Clear,2018-10-14 05:00:00
318,44.78,0.0,Clear,2018-10-14 06:00:00
319,45.1,0.0,Clear,2018-10-14 07:00:00
320,46.07,0.0,Clear,2018-10-14 08:00:00
321,48.98,0.0,Clear,2018-10-14 09:00:00
322,51.43,0.0,Partly Cloudy,2018-10-14 10:00:00
323,54.66,0.0,Partly Cloudy,2018-10-14 11:00:00
324,55.93,0.0,Partly Cloudy,2018-10-14 12:00:00
325,56.91,,Clear,2018-10-14 13:00:00
326,57.32,0.0,Clear,2018-10-14 14:00:00
327,57.16,0.0,Clear,2018-10-14 15:00:00
328,57.12,0.0,Partly Cloudy,2018-10-14 16:00:00
329,56.6,0.0,Partly Cloudy,2018-10-14 17:00:00
330,55.68,0.0,Mostly Cloudy,2018-10-14 18:00:00
331,54.88,0.0,Partly Cloudy,2018-10-14 19:00:00
332,54.4,0.0,Mostly Cloudy,2018-10-14 20:00:00
333,53.79,0.0,Mostly Cloudy,2018-10-14 21:00:00
334,52.11,0.0,Mostly Cloudy,2018-10-14 22:00:00
335,51.91,0.0,Partly Cloudy,2018-10-14 23:00:00
336,51.68,,Clear,2018-10-15 00:00:00
337,51.66,0.0,Partly Cloudy,2018-10-15 01:00:00
338,51.59,0.0,Mostly Cloudy,2018-10-15 02:00:00
339,52.89,0.0,Overcast,2018-10-15 03:00:00
340,53.26,0.0,Overcast,2018-10-15 04:00:00
341,53.46,0.0015,Overcast,2018-10-15 05:00:00
342,54.71,0.0031,Overcast,2018-10-15 06:00:00
343,54.85,0.0062,Overcast,2018-10-15 07:00:00
344,56.12,0.0022,Overcast,2018-10-15 08:00:00
345,57.95,0.0,Overcast,2018-10-15 09:00:00
346,59.2,0.0,Overcast,2018-10-15 10:00:00
347,59.82,0.0019,Overcast,2018-10-15 11:00:00
348,61.11,0.0018,Overcast,2018-10-15 12:00:00
349,62.23,0.0,Overcast,2018-10-15 13:00:00
350,64.27,0.0,Overcast,2018-10-15 14:00:00
351,64.49,0.0,Overcast,2018-10-15 15:00:00
352,64.48,0.0,Overcast,2018-10-15 16:00:00
353,64.96,0.0,Overcast,2018-10-15 17:00:00
354,65.09,0.0,Overcast,2018-10-15 18:00:00
355,66.24,0.0,Overcast,2018-10-15 19:00:00
356,66.17,0.0,Overcast,2018-10-15 20:00:00
357,66.79,0.0,Mostly Cloudy,2018-10-15 21:00:00
358,67.54,0.0,Overcast,2018-10-15 22:00:00
359,67.66,0.0,Overcast,2018-10-15 23:00:00
360,63.72,0.0081,Overcast,2018-10-16 00:00:00
361,60.35,0.0091,Overcast,2018-10-16 01:00:00
362,58.42,0.0063,Overcast,2018-10-16 02:00:00
363,57.03,0.0,Overcast,2018-10-16 03:00:00
364,55.12,0.0,Partly Cloudy,2018-10-16 04:00:00
365,52.6,0.0,Clear,2018-10-16 05:00:00
366,50.19,,Clear,2018-10-16 06:00:00
367,42.91,0.0,Clear,2018-10-16 07:00:00
368,42.27,0.0,Partly Cloudy,2018-10-16 08:00:00
369,42.5,0.0,Clear,2018-10-16 09:00:00
370,44.07,0.0,Partly Cloudy,2018-10-16 10:00:00
371,50.26,0.0,Partly Cloudy,2018-10-16 11:00:00
372,51.54,0.0,Clear,2018-10-16 12:00:00
373,53.46,0.0,Clear,2018-10-16 13:00:00
374,54.18,0.0,Clear,2018-10-16 14:00:00
375,54.72,0.0,Clear,2018-10-16 15:00:00
376,54.84,0.0,Clear,2018-10-16 16:00:00
377,54.89,0.0,Clear,2018-10-16 17:00:00
378,53.17,0.0,Clear,2018-10-16 18:00:00
379,52.14,,Clear,2018-10-16 19:00:00
380,51.14,0.0,Clear,2018-10-16 20:00:00
381,50.18,0.0,Clear,2018-10-16 21:00:00
382,47.07,0.0,Clear,2018-10-16 22:00:00
383,46.54,0.0,Clear,2018-10-16 23:00:00
384,46.57,0.0,Clear,2018-10-17 00:00:00
385,46.89,0.0,Clear,2018-10-17 01:00:00
386,45.32,0.0,Clear,2018-10-17 02:00:00
387,45.31,0.0,Clear,2018-10-17 03:00:00
388,44.64,0.0,Clear,2018-10-17 04:00:00
389,43.76,0.0,Clear,2018-10-17 05:00:00
390,43.25,0.0,Clear,2018-10-17 06:00:00
391,43.26,0.0,Clear,2018-10-17 07:00:00
392,44.21,0.0,Clear,2018-10-17 08:00:00
393,45.73,0.0,Clear,2018-10-17 09:00:00
394,52.76,0.0,Clear,2018-10-17 10:00:00
395,55.46,0.0,Clear,2018-10-17 11:00:00
396,57.3,0.0,Clear,2018-10-17 12:00:00
397,59.72,0.0,Clear,2018-10-17 13:00:00
398,61.41,0.0,Clear,2018-10-17 14:00:00
399,61.76,0.0,Mostly Cloudy,2018-10-17 15:00:00
400,61.62,0.0,Mostly Cloudy,2018-10-17 16:00:00
401,60.53,0.0,Mostly Cloudy,2018-10-17 17:00:00
402,58.53,0.0,Mostly Cloudy,2018-10-17 18:00:00
403,55.95,0.0,Mostly Cloudy,2018-10-17 19:00:00
404,54.51,0.0,Mostly Cloudy,2018-10-17 20:00:00
405,52.57,0.0,Clear,2018-10-17 21:00:00
406,51.26,0.0,Clear,2018-10-17 22:00:00
407,44.64,0.0,Partly Cloudy,2018-10-17 23:00:00
408,43.6,0.0,Clear,2018-10-18 00:00:00
409,42.16,0.0,Clear,2018-10-18 01:00:00
410,41.17,0.0,Mostly Cloudy,2018-10-18 02:00:00
411,39.82,0.0,Partly Cloudy,2018-10-18 03:00:00
412,38.82,0.0,Clear,2018-10-18 04:00:00
413,38.36,0.0,Partly Cloudy,2018-10-18 05:00:00
414,37.19,0.0,Partly Cloudy,2018-10-18 06:00:00
415,37.96,0.0,Mostly Cloudy,2018-10-18 07:00:00
416,36.54,0.0,Partly Cloudy,2018-10-18 08:00:00
417,37.45,0.0,Clear,2018-10-18 09:00:00
418,38.36,0.0,Clear,2018-10-18 10:00:00
419,39.88,0.0,Partly Cloudy,2018-10-18 11:00:00
420,42.96,0.0,Clear,2018-10-18 12:00:00
421,44.08,0.0,Clear,2018-10-18 13:00:00
422,45.6,0.0,Clear,2018-10-18 14:00:00
423,51.04,0.0,Clear,2018-10-18 15:00:00
424,50.92,0.0,Clear,2018-10-18 16:00:00
425,50.79,0.0,Clear,2018-10-18 17:00:00
426,45.6,0.0,Clear,2018-10-18 18:00:00
427,45.73,0.0,Clear,2018-10-18 19:00:00
428,44.21,0.0,Clear,2018-10-18 20:00:00
429,44.56,0.0,Clear,2018-10-18 21:00:00
430,43.36,0.0,Clear,2018-10-18 22:00:00
431,42.01,0.0,Clear,2018-10-18 23:00:00
432,39.88,0.0,Clear,2018-10-19 00:00:00
433,40.46,0.0,Clear,2018-10-19 01:00:00
434,40.29,0.0,Clear,2018-10-19 02:00:00
435,39.24,0.0,Clear,2018-10-19 03:00:00
436,38.46,0.0,Clear,2018-10-19 04:00:00
437,36.43,0.0,Clear,2018-10-19 05:00:00
438,36.4,0.0,Clear,2018-10-19 06:00:00
439,37.05,0.0,Clear,2018-10-19 07:00:00
440,37.58,0.0,Clear,2018-10-19 08:00:00
441,42.18,0.0,Clear,2018-10-19 09:00:00
442,46.03,0.0,Clear,2018-10-19 10:00:00
443,52.29,0.0,Clear,2018-10-19 11:00:00
444,55.01,0.0,Clear,2018-10-19 12:00:00
445,57.5,0.0,Clear,2018-10-19 13:00:00
446,59.16,0.0,Clear,2018-10-19 14:00:00
447,59.82,0.0,Clear,2018-10-19 15:00:00
448,59.58,0.0,Clear,2018-10-19 16:00:00
449,58.43,0.0,Clear,2018-10-19 17:00:00
450,56.86,0.0,Clear,2018-10-19 18:00:00
451,55.64,0.0,Clear,2018-10-19 19:00:00
452,55.24,0.0,Clear,2018-10-19 20:00:00
453,55.3,0.0,Clear,2018-10-19 21:00:00
454,55.34,0.0,Clear,2018-10-19 22:00:00
455,56.05,0.0,Clear,2018-10-19 23:00:00
456,56.15,0.0,Clear,2018-10-20 00:00:00
457,56.13,0.0,Partly Cloudy,2018-10-20 01:00:00
458,55.71,0.0,Overcast,2018-10-20 02:00:00
459,54.57,0.0054,Overcast,2018-10-20 03:00:00
460,53.56,0.011000000000000001,Light Rain,2018-10-20 04:00:00
461,53.46,0.0042,Overcast,2018-10-20 05:00:00
462,53.7,0.0077,Overcast,2018-10-20 06:00:00
463,54.0,0.0,Overcast,2018-10-20 07:00:00
464,54.58,0.0,Overcast,2018-10-20 08:00:00
465,54.76,0.0,Overcast,2018-10-20 09:00:00
466,56.3,0.0,Mostly Cloudy,2018-10-20 10:00:00
467,58.02,0.0,Mostly Cloudy,2018-10-20 11:00:00
468,58.64,0.0,Mostly Cloudy,2018-10-20 12:00:00
469,59.99,0.0,Mostly Cloudy,2018-10-20 13:00:00
470,61.2,0.0,Mostly Cloudy,2018-10-20 14:00:00
471,61.64,0.0,Mostly Cloudy,2018-10-20 15:00:00
472,62.26,0.0,Mostly Cloudy,2018-10-20 16:00:00
473,61.87,0.0,Mostly Cloudy,2018-10-20 17:00:00
474,60.0,0.0,Partly Cloudy,2018-10-20 18:00:00
475,55.26,0.0,Clear,2018-10-20 19:00:00
476,55.16,0.0,Clear,2018-10-20 20:00:00
477,54.57,0.0,Partly Cloudy,2018-10-20 21:00:00
478,52.51,0.0,Partly Cloudy,2018-10-20 22:00:00
479,51.83,0.0,Mostly Cloudy,2018-10-20 23:00:00
480,51.53,0.0,Mostly Cloudy,2018-10-21 00:00:00
481,50.4,0.0017,Overcast,2018-10-21 01:00:00
482,47.68,0.0013,Mostly Cloudy,2018-10-21 02:00:00
483,46.28,0.0011,Mostly Cloudy,2018-10-21 03:00:00
484,45.6,0.0,Overcast,2018-10-21 04:00:00
485,43.98,0.0,Overcast,2018-10-21 05:00:00
486,43.87,0.0,Overcast,2018-10-21 06:00:00
487,43.32,0.0,Overcast,2018-10-21 07:00:00
488,42.03,0.0,Mostly Cloudy,2018-10-21 08:00:00
489,40.42,0.0,Mostly Cloudy,2018-10-21 09:00:00
490,39.28,0.0,Mostly Cloudy,2018-10-21 10:00:00
491,39.47,0.0,Mostly Cloudy,2018-10-21 11:00:00
492,39.41,0.0,Mostly Cloudy,2018-10-21 12:00:00
493,40.84,0.0,Overcast,2018-10-21 13:00:00
494,41.34,0.0,Mostly Cloudy,2018-10-21 14:00:00
495,40.65,0.0,Mostly Cloudy,2018-10-21 15:00:00
496,40.9,0.0,Partly Cloudy,2018-10-21 16:00:00
497,40.25,0.0,Clear,2018-10-21 17:00:00
498,38.38,0.0,Clear,2018-10-21 18:00:00
499,38.03,0.0,Clear,2018-10-21 19:00:00
500,38.11,0.0,Clear,2018-10-21 20:00:00
501,37.27,0.0,Clear,2018-10-21 21:00:00
502,35.72,0.0,Clear,2018-10-21 22:00:00
503,36.06,0.0,Clear,2018-10-21 23:00:00
504,34.74,0.0,Clear,2018-10-22 00:00:00
505,34.28,0.0,Clear,2018-10-22 01:00:00
506,36.17,0.0,Clear,2018-10-22 02:00:00
507,32.44,0.0,Clear,2018-10-22 03:00:00
508,32.31,0.0,Clear,2018-10-22 04:00:00
509,36.16,0.0,Clear,2018-10-22 05:00:00
510,35.64,0.0,Clear,2018-10-22 06:00:00
511,33.19,0.0,Clear,2018-10-22 07:00:00
512,34.43,0.0,Mostly Cloudy,2018-10-22 08:00:00
513,38.67,0.0,Mostly Cloudy,2018-10-22 09:00:00
514,40.58,0.0,Overcast,2018-10-22 10:00:00
515,42.85,0.0,Overcast,2018-10-22 11:00:00
516,43.95,0.0,Overcast,2018-10-22 12:00:00
517,45.15,0.0,Clear,2018-10-22 13:00:00
518,50.67,0.0,Mostly Cloudy,2018-10-22 14:00:00
519,50.51,0.0,Mostly Cloudy,2018-10-22 15:00:00
520,51.0,0.0,Overcast,2018-10-22 16:00:00
521,51.11,0.0,Mostly Cloudy,2018-10-22 17:00:00
522,50.36,0.0,Mostly Cloudy,2018-10-22 18:00:00
523,48.78,0.0,Mostly Cloudy,2018-10-22 19:00:00
524,47.34,0.0,Clear,2018-10-22 20:00:00
525,45.38,0.0,Clear,2018-10-22 21:00:00
526,45.31,0.0,Clear,2018-10-22 22:00:00
527,44.9,0.0,Clear,2018-10-22 23:00:00
528,44.65,0.0,Partly Cloudy,2018-10-23 00:00:00
529,44.45,0.0,Overcast,2018-10-23 01:00:00
530,44.2,0.0,Overcast,2018-10-23 02:00:00
531,44.13,0.0,Overcast,2018-10-23 03:00:00
532,44.61,0.0,Overcast,2018-10-23 04:00:00
533,47.18,0.0,Overcast,2018-10-23 05:00:00
534,48.35,0.0,Overcast,2018-10-23 06:00:00
535,47.81,0.0,Overcast,2018-10-23 07:00:00
536,48.39,0.0,Overcast,2018-10-23 08:00:00
537,50.65,0.0,Mostly Cloudy,2018-10-23 09:00:00
538,53.05,0.0,Mostly Cloudy,2018-10-23 10:00:00
539,55.31,0.0,Mostly Cloudy,2018-10-23 11:00:00
540,57.97,0.0,Partly Cloudy,2018-10-23 12:00:00
541,60.68,0.0,Partly Cloudy,2018-10-23 13:00:00
542,63.07,0.0,Clear,2018-10-23 14:00:00
543,63.83,0.0,Clear,2018-10-23 15:00:00
544,64.33,0.0,Clear,2018-10-23 16:00:00
545,63.36,0.0,Mostly Cloudy,2018-10-23 17:00:00
546,60.82,0.0,Mostly Cloudy,2018-10-23 18:00:00
547,56.9,0.0002,Overcast,2018-10-23 19:00:00
548,54.14,0.0,Partly Cloudy,2018-10-23 20:00:00
549,52.58,0.0,Clear,2018-10-23 21:00:00
550,51.62,0.0,Clear,2018-10-23 22:00:00
551,50.29,0.0,Clear,2018-10-23 23:00:00
552,46.6,0.0,Clear,2018-10-24 00:00:00
553,45.53,,Clear,2018-10-24 01:00:00
554,44.73,0.0,Clear,2018-10-24 02:00:00
555,43.65,0.0,Clear,2018-10-24 03:00:00
556,43.25,0.0,Clear,2018-10-24 04:00:00
557,42.46,0.0,Partly Cloudy,2018-10-24 05:00:00
558,42.61,0.0,Mostly Cloudy,2018-10-24 06:00:00
559,41.06,0.0,Mostly Cloudy,2018-10-24 07:00:00
560,41.37,0.0,Mostly Cloudy,2018-10-24 08:00:00
561,42.92,0.0,Partly Cloudy,2018-10-24 09:00:00
562,44.54,0.0,Partly Cloudy,2018-10-24 10:00:00
563,50.79,0.0,Partly Cloudy,2018-10-24 11:00:00
564,51.69,0.0,Partly Cloudy,2018-10-24 12:00:00
565,52.4,0.0,Mostly Cloudy,2018-10-24 13:00:00
566,53.19,0.0,Mostly Cloudy,2018-10-24 14:00:00
567,54.36,0.0,Partly Cloudy,2018-10-24 15:00:00
568,53.51,0.0,Partly Cloudy,2018-10-24 16:00:00
569,53.06,0.0,Partly Cloudy,2018-10-24 17:00:00
570,51.93,0.0,Partly Cloudy,2018-10-24 18:00:00
571,50.35,0.0,Partly Cloudy,2018-10-24 19:00:00
572,45.21,0.0,Partly Cloudy,2018-10-24 20:00:00
573,43.05,0.0,Partly Cloudy,2018-10-24 21:00:00
574,42.3,0.0,Clear,2018-10-24 22:00:00
575,40.82,0.0,Clear,2018-10-24 23:00:00
576,39.51,0.0,Clear,2018-10-25 00:00:00
577,39.25,0.0,Clear,2018-10-25 01:00:00
578,39.57,0.0,Clear,2018-10-25 02:00:00
579,39.53,0.0,Clear,2018-10-25 03:00:00
580,39.32,0.0,Clear,2018-10-25 04:00:00
581,38.69,0.0,Clear,2018-10-25 05:00:00
582,40.81,0.0,Clear,2018-10-25 06:00:00
583,37.82,0.0,Clear,2018-10-25 07:00:00
584,37.4,0.0,Clear,2018-10-25 08:00:00
585,39.57,0.0,Clear,2018-10-25 09:00:00
586,40.91,0.0,Clear,2018-10-25 10:00:00
587,43.1,0.0,Clear,2018-10-25 11:00:00
588,44.42,0.0,Clear,2018-10-25 12:00:00
589,45.88,0.0,Clear,2018-10-25 13:00:00
590,50.29,0.0,Clear,2018-10-25 14:00:00
591,51.43,0.0,Clear,2018-10-25 15:00:00
592,51.01,0.0,Clear,2018-10-25 16:00:00
593,45.43,0.0,Clear,2018-10-25 17:00:00
594,43.99,0.0,Clear,2018-10-25 18:00:00
595,42.44,0.0,Clear,2018-10-25 19:00:00
596,41.6,0.0,Clear,2018-10-25 20:00:00
597,40.29,0.0,Clear,2018-10-25 21:00:00
598,38.61,0.0,Clear,2018-10-25 22:00:00
599,38.78,0.0,Clear,2018-10-25 23:00:00
600,38.12,0.0,Clear,2018-10-26 00:00:00
601,37.02,0.0,Clear,2018-10-26 01:00:00
602,38.51,0.0,Clear,2018-10-26 02:00:00
603,38.11,0.0,Clear,2018-10-26 03:00:00
604,37.37,0.0,Clear,2018-10-26 04:00:00
605,36.04,0.0,Clear,2018-10-26 05:00:00
606,35.89,0.0,Partly Cloudy,2018-10-26 06:00:00
607,35.96,0.0,Partly Cloudy,2018-10-26 07:00:00
608,36.98,0.0,Partly Cloudy,2018-10-26 08:00:00
609,39.39,0.0,Mostly Cloudy,2018-10-26 09:00:00
610,41.87,0.0,Partly Cloudy,2018-10-26 10:00:00
611,43.72,0.0,Partly Cloudy,2018-10-26 11:00:00
612,45.78,0.0,Clear,2018-10-26 12:00:00
613,46.94,,Clear,2018-10-26 13:00:00
614,47.81,0.0,Partly Cloudy,2018-10-26 14:00:00
615,48.36,0.0,Mostly Cloudy,2018-10-26 15:00:00
616,48.18,0.0,Mostly Cloudy,2018-10-26 16:00:00
617,48.18,0.0,Mostly Cloudy,2018-10-26 17:00:00
618,46.77,0.0,Overcast,2018-10-26 18:00:00
619,45.45,0.0,Overcast,2018-10-26 19:00:00
620,44.66,0.0,Mostly Cloudy,2018-10-26 20:00:00
621,44.49,0.0,Overcast,2018-10-26 21:00:00
622,43.59,0.0,Overcast,2018-10-26 22:00:00
623,43.28,0.0,Overcast,2018-10-26 23:00:00
624,43.25,0.0,Overcast,2018-10-27 00:00:00
625,42.38,0.0014,Overcast,2018-10-27 01:00:00
626,40.24,0.0073,Overcast,2018-10-27 02:00:00
627,39.89,0.0456,Light Rain,2018-10-27 03:00:00
628,39.63,0.0656,Rain,2018-10-27 04:00:00
629,39.81,0.0699,Rain,2018-10-27 05:00:00
630,40.94,0.0954,Rain,2018-10-27 06:00:00
631,40.91,0.05,Light Rain,2018-10-27 07:00:00
632,40.3,0.0437,Light Rain,2018-10-27 08:00:00
633,40.23,0.0581,Rain,2018-10-27 09:00:00
634,41.22,0.0745,Rain,2018-10-27 10:00:00
635,41.66,0.0434,Light Rain,2018-10-27 11:00:00
636,42.77,0.0231,Light Rain,2018-10-27 12:00:00
637,43.76,0.0175,Light Rain,2018-10-27 13:00:00
638,44.46,0.0225,Light Rain,2018-10-27 14:00:00
639,45.05,0.0166,Light Rain,2018-10-27 15:00:00
640,45.4,0.0035,Overcast,2018-10-27 16:00:00
641,50.24,0.005,Overcast,2018-10-27 17:00:00
642,50.35,0.0026,Overcast,2018-10-27 18:00:00
643,50.45,0.001,Overcast,2018-10-27 19:00:00
644,50.32,0.0024,Overcast,2018-10-27 20:00:00
645,47.12,0.0141,Light Rain,2018-10-27 21:00:00
646,46.95,0.0096,Light Rain,2018-10-27 22:00:00
647,45.35,0.0086,Overcast,2018-10-27 23:00:00
648,43.89,0.006,Overcast,2018-10-28 00:00:00
649,43.85,0.0038,Overcast,2018-10-28 01:00:00
650,44.8,0.0017,Overcast,2018-10-28 02:00:00
651,43.63,0.0008,Overcast,2018-10-28 03:00:00
652,42.89,0.0,Overcast,2018-10-28 04:00:00
653,43.2,0.0,Overcast,2018-10-28 05:00:00
654,42.98,0.0,Overcast,2018-10-28 06:00:00
655,42.94,0.0,Overcast,2018-10-28 07:00:00
656,43.57,0.0011,Mostly Cloudy,2018-10-28 08:00:00
657,43.08,0.0,Mostly Cloudy,2018-10-28 09:00:00
658,43.67,0.0,Mostly Cloudy,2018-10-28 10:00:00
659,45.57,0.0,Mostly Cloudy,2018-10-28 11:00:00
660,50.43,0.0,Mostly Cloudy,2018-10-28 12:00:00
661,50.35,0.0,Overcast,2018-10-28 13:00:00
662,51.56,0.0,Overcast,2018-10-28 14:00:00
663,52.71,0.0,Overcast,2018-10-28 15:00:00
664,52.66,0.0,Mostly Cloudy,2018-10-28 16:00:00
665,52.62,0.0,Overcast,2018-10-28 17:00:00
666,51.7,0.0,Mostly Cloudy,2018-10-28 18:00:00
667,51.0,0.0,Mostly Cloudy,2018-10-28 19:00:00
668,50.88,0.0,Overcast,2018-10-28 20:00:00
669,48.8,0.0,Overcast,2018-10-28 21:00:00
670,48.28,0.0,Partly Cloudy,2018-10-28 22:00:00
671,49.53,0.0,Mostly Cloudy,2018-10-28 23:00:00
672,49.01,0.0007,Overcast,2018-10-29 00:00:00
673,48.44,0.0109,Light Rain,2018-10-29 01:00:00
674,48.76,0.0073,Overcast,2018-10-29 02:00:00
675,49.5,0.0026,Overcast,2018-10-29 03:00:00
676,51.16,0.0062,Overcast,2018-10-29 04:00:00
677,51.19,0.0025,Overcast,2018-10-29 05:00:00
678,50.8,0.0004,Overcast,2018-10-29 06:00:00
679,47.27,0.0,Mostly Cloudy,2018-10-29 07:00:00
680,46.81,0.0,Mostly Cloudy,2018-10-29 08:00:00
681,51.04,0.0,Overcast,2018-10-29 09:00:00
682,51.2,0.0,Overcast,2018-10-29 10:00:00
683,52.27,0.0,Overcast,2018-10-29 11:00:00
684,53.06,0.0,Overcast,2018-10-29 12:00:00
685,54.61,0.0,Mostly Cloudy,2018-10-29 13:00:00
686,55.32,0.0,Overcast,2018-10-29 14:00:00
687,52.07,0.0,Partly Cloudy,2018-10-29 19:00:00
688,45.46,0.0,Mostly Cloudy,2018-10-29 22:00:00
689,44.24,0.0,Clear,2018-10-29 23:00:00
690,43.61,0.0,Clear,2018-10-30 00:00:00
691,42.52,0.0,Clear,2018-10-30 02:00:00
692,39.52,0.0,Clear,2018-10-30 04:00:00
693,38.67,0.0,Clear,2018-10-30 06:00:00
694,38.36,0.0,Clear,2018-10-30 08:00:00
695,50.65,0.0,Clear,2018-10-30 12:00:00
696,52.68,0.0,Clear,2018-10-30 13:00:00
697,54.05,0.0,Clear,2018-10-30 14:00:00
698,55.47,0.0,Clear,2018-10-30 15:00:00
699,56.09,0.0,Clear,2018-10-30 16:00:00
700,55.82,0.0,Clear,2018-10-30 17:00:00
701,53.05,0.0,Clear,2018-10-30 18:00:00
702,51.23,,Clear,2018-10-30 19:00:00
703,49.44,0.0,Clear,2018-10-30 20:00:00
704,47.92,0.0,Clear,2018-10-30 21:00:00
705,45.28,0.0,Clear,2018-10-30 22:00:00
706,44.27,0.0,Clear,2018-10-30 23:00:00
707,43.31,0.0,Clear,2018-10-31 00:00:00
708,42.3,0.0,Clear,2018-10-31 01:00:00
709,41.02,0.0,Clear,2018-10-31 02:00:00
710,39.73,0.0,Clear,2018-10-31 03:00:00
711,38.93,0.0,Clear,2018-10-31 04:00:00
712,39.24,0.0,Clear,2018-10-31 05:00:00
713,38.92,0.0,Clear,2018-10-31 06:00:00
714,38.8,0.0,Clear,2018-10-31 07:00:00
715,40.36,0.0,Partly Cloudy,2018-10-31 08:00:00
716,44.7,0.0,Mostly Cloudy,2018-10-31 09:00:00
717,50.07,0.0,Mostly Cloudy,2018-10-31 10:00:00
718,55.1,0.0,Mostly Cloudy,2018-10-31 11:00:00
719,59.63,0.0,Partly Cloudy,2018-10-31 12:00:00
720,62.53,0.0,Clear,2018-10-31 13:00:00
721,64.13,0.0,Clear,2018-10-31 14:00:00
722,65.28,0.0,Clear,2018-10-31 15:00:00
723,64.79,0.0,Clear,2018-10-31 16:00:00
724,63.31,0.0,Mostly Cloudy,2018-10-31 17:00:00
725,61.78,0.0,Partly Cloudy,2018-10-31 18:00:00
726,60.31,0.0,Clear,2018-10-31 19:00:00
727,59.8,0.0,Mostly Cloudy,2018-10-31 20:00:00
728,59.5,0.0,Mostly Cloudy,2018-10-31 21:00:00
729,59.47,0.0,Mostly Cloudy,2018-10-31 22:00:00
730,58.16,0.0,Partly Cloudy,2018-10-31 23:00:00
